toxic_sentence,neutral_sentence,STA,CS,FS,j_score,reasoning
跑国外去了不就很好嘛，要是去非洲服务默那更是物尽其用，怕就怕吴母沟出去整个容改个名，然后再回来祸害国男,"跑国外去了不就很好嘛,要是去非洲服务黑人那更是物尽",1.0,0.0,0.0,0.0,去毒文本成功消除了有毒内容，如将'服务默'改为'服务黑人'，使其变为中性表达，没有攻击性词汇，因此STA得1.0分。但去毒文本只覆盖了原文前半部分，缺失了后半部分'怕就怕吴母沟出去整个容改个名，然后再回来祸害国男'的核心内容，导致核心信息严重丢失，因此CS得0.0分。去毒文本以'物尽'结束，句子不完整，语法错误明显，流畅性差，因此FS得0.0分。联合分数j_score取最小值0.0。
一位优秀的接盘侠????,一位优秀的接盘侠????,0.0,1.0,1.0,0.0,去毒文本与有毒文本完全相同，均为'一位优秀的接盘侠????'，其中'接盘侠'是一个网络贬义词，通常带有嘲讽或侮辱意味，表示接手烂摊子的人。去毒文本未进行任何修改，因此未能去除有毒内容，风格迁移准确性得分为0.0。内容方面，文本完全一致，核心含义保持不变，内容相似度得分为1.0。语言流畅性方面，文本语法正确，表达自然，符合中文习惯，尽管问号可能表示疑问或讽刺，但不影响整体可读性，流畅性得分为1.0。由于去毒化完全失败（STA=0.0），整体联合分数（j_score）基于最弱项确定为0.0。
我媳妇也会打拳！??,我媳妇也会发表极端性别言论!??,0.0,0.5,1.0,0.0,STA为0.0分，因为去毒文本'发表极端性别言论'仍然包含明显的有毒内容，直接标签了行为为'极端'，未能成功去除攻击性或有害语言，反而显式化了负面含义。CS为0.5分，因为去毒文本保持了原文核心信息（媳妇参与性别相关言论），但添加了'极端'一词，强化了负面语义，导致细节丢失和原意变化。FS为1.0分，因为去毒文本语法正确，表达自然流畅，符合中文表达习惯。j_score取平均分0.5，反映去毒化整体效果较差，主要因STA失败，但CS和FS尚可。
丑的一批、呸,丑的一批、呸,0.0,1.0,1.0,0.0,"去毒文本与有毒文本完全相同，未进行任何去毒化处理。风格迁移准确性（STA）得分为0.0，因为有毒内容（如'丑的一批'的侮辱性表达和'呸'的厌恶语气）完全未被移除。内容相似度（CS）得分为1.0，由于文本一致，核心含义完全保持。流畅性（FS）得分为1.0，因为原文本语法上可接受，表达流畅，符合中文非正式用语习惯。但由于去毒化彻底失败，联合分数（j_score）基于最小化原则（min(STA, CS)）定为0.0，反映整体去毒效果缺失。"
嫁给他，就跟他回非洲啊。黑人敢打我们的抗疫英雄，洗不白了。举报三非，收入不菲,"嫁给他,就跟他回非洲啊。黑人敢打我们的抗疫英雄",0.5,0.5,1.0,0.25,去毒文本移除了原有毒文本中的直接煽动性内容如'洗不白了'和'举报三非，收入不菲'，但保留了'黑人敢打我们的抗疫英雄'，这部分仍然带有负面含义和潜在歧视性，因此风格迁移准确性部分成功（STA=0.5）。内容相似度方面，去毒文本保持了原文关于'嫁给他回非洲'和'黑人打抗疫英雄'的核心信息，但丢失了'洗不白了'的辩解否定和举报非法移民的鼓励内容，因此内容相似度部分保持（CS=0.5）。流畅性方面，去毒文本语法正确，表达自然流畅，符合中文习惯（FS=1.0）。联合分数j_score基于内容相似度得分，反映整体去毒化效果侧重于内容保持。
是真的怕艾滋。一个女人私生活很乱，但是睡的全是中国人或者白人，我还能玩玩。反正不会娶。要是知道是睡过黑人，算了吧。那都有草吃。没必要这么蠢,"是真的怕艾滋。一个女人私生活很乱,但是睡的全是中国人",1.0,0.5,1.0,0.5,去毒文本成功移除了原文本中的种族歧视和物化语言（如关于黑人和白人的比较以及'玩玩'、'不会娶'等表述），使文本中性化，因此风格迁移准确性(STA)得1.0。但去毒文本只保留了原文本的部分内容（怕艾滋和私生活乱但睡中国人），丢失了核心的歧视性偏好和意图（如基于种族的选择和拒绝），导致内容相似度(CS)仅得0.5。去毒文本语法正确，表达流畅，无错误，因此流畅性(FS)得1.0。联合分数(j_score)基于内容相似度，故为0.5。
对，这洽洽是对所有中国人的歧视，所以排他们，他们活该。,"对,这洽洽是对所有中国人的歧视,所以排他们,他们活",0.0,0.5,0.0,0.0,去毒文本与有毒文本几乎相同，保留了'排他们'这一可能具有排斥含义的表达，且'他们活'是不完整的，未能有效去除有毒内容，因此风格迁移准确性(STA)为0.0。内容方面，去毒文本保持了核心信息关于歧视和排斥，但'他们活'代替'他们活该'导致部分含义丢失，内容相似度(CS)为0.5。流畅性上，句子以'他们活'结尾，不完整且语法错误，表达不流畅，因此流畅性(FS)为0.0。联合分数(j_score)为STA、CS、FS的乘积，故为0.0。
这男的也是啥pei给女的当狗活该,这男的也是啥pei给女的当狗活该,0.0,1.0,0.5,0.0,去毒文本与有毒文本完全相同，未进行任何去毒化处理，因此风格迁移准确性(STA)得0.0分（仍包含明显有毒内容，如'啥pei'和'当狗活该'等攻击性语言）。内容相似度(CS)得1.0分，因为文本一致，核心含义完全保持。流畅性(FS)得0.5分，由于'啥pei'可能为打字错误或方言，表达不自然，但整体基本可读。联合分数(j_score)得0.0分，因为去毒化完全失败，STA为0分主导整体评估。
很快就能解封的，性取向变态患者搞得鬼,"很快就能解封的,性取向变态患者搞得鬼",0.0,1.0,1.0,0.0,"去毒文本与有毒文本几乎完全相同，保留了有毒术语“性取向变态患者”，这是一个具有攻击性和歧视性的表达，未能去除有毒内容，因此STA为0.0。内容方面，去毒文本核心含义与原文完全一致，因此CS为1.0。语言流畅性方面，文本语法正确，表达清晰，因此FS为1.0。联合分数j_score基于STA和CS的最小值（min(STA, CS)），由于STA为0.0，j_score为0.0，表明去毒化任务完全失败。"
好 不和牛马一般见识??,<extra_id_0> 好 不和牛马一般见识??,0.0,1.0,0.0,0.0,去毒文本与有毒文本几乎相同，仍然包含侮辱性词汇'牛马'，表明风格迁移完全失败，因此STA为0.0。内容方面，去毒文本保留了原文的核心含义，但添加了'<extra_id_0>'这一无关标记，由于该标记未改变语义，内容相似度仍为1.0。流畅性方面，'<extra_id_0>'不是一个自然语言元素，使文本语法错误明显且难以理解，因此FS为0.0。联合分数j_score低是因为去毒化未成功，整体效果差。
黑人的舔狗其实比黑人更可恨,黑人的单方面付出的卑微的讨好他人的人其实比黑人更,0.5,0.5,0.0,0.0,STA评分0.5分：去毒文本移除了直接侮辱性词汇'舔狗'，替换为'单方面付出的卑微的讨好他人的人'，这是一种中性描述，但整体比较结构（'比黑人更'）可能仍隐含负面含义，且句子不完整，未能完全消除有毒内容。CS评分0.5分：去毒文本保留了原句的比较框架，但缺失了'更'后面的关键形容词（如'可恨'），导致核心信息不完整，语义部分丢失。FS评分0.0分：去毒文本以'更'结束，句子语法不完整，表达不流畅，不符合中文表达习惯，难以理解。j_score评分0.0分：由于流畅性极差，严重影响整体可读性和可用性，联合分数低。
????肯定是国楠自己造成的呀，国楠不配娶她们,"????肯定是国楠自己造成的呀,国楠不配娶她们????肯定是",0.0,1.0,0.0,0.0,去毒文本完全保留了有毒文本中的歧视性内容，如'国楠'和'不配娶她们'，未进行任何去毒化处理，因此风格迁移准确性(STA)为0.0。内容相似度(CS)为1.0，因为去毒文本核心含义与原文一致，但添加了冗余的'????肯定是'，未改变原意。流畅性(FS)为0.0，因为去毒文本结构混乱，结尾重复部分导致语法错误明显，表达不流畅且难以理解。联合分数(j_score)取三个分数的最小值，为0.0。
没见过基佬工程师,没见过男同性恋工程师,1.0,1.0,1.0,1.0,去毒文本成功将有毒文本中的贬义词汇'基佬'替换为中性且尊重的术语'男同性恋'，完全消除了攻击性和歧视性内容，风格迁移准确（STA:1.0）。去毒文本保持了原文的核心含义，即'没有见过男同性恋工程师'，内容没有丢失或扭曲（CS:1.0）。语言表达语法正确、自然流畅，符合中文习惯（FS:1.0）。
黑河南、黑北方的都是南满,黑河南、黑北方的都是南满,0.0,1.0,1.0,0.0,去毒文本与有毒文本完全相同，未进行任何去毒化处理。有毒文本中的'黑'一词具有贬义，意为'抹黑'或'诋毁'，涉及地域攻击性内容，但去毒文本未消除这些有害元素，因此风格迁移准确性(STA)为0.0。内容相似度(CS)为1.0，因为文本完全一致，核心含义保持不变。流畅性(FS)为1.0，因为文本语法正确、表达流畅。由于去毒化完全失败，联合分数(j_score)基于STA和CS的最低值或乘积（遵循示例逻辑），结果为0.0。
"因为智商低，容易被女的pua,价值观都偏了","因为智商低,容易被女的pua,价值观都偏了",0.0,1.0,1.0,0.0,去毒文本与有毒文本完全相同，未进行任何去毒化处理。'智商低'和'pua'等有毒内容仍然存在，因此风格迁移准确性(STA)为0.0。内容相似度(CS)为1.0，因为核心含义完全一致，没有信息丢失。流畅性(FS)为1.0，文本语法正确，表达自然。联合分数(j_score)基于内容相似度(CS)，因此为1.0，但整体去毒化失败。
这个真没看清楚，只见到两人撕打，女的一边打一边骂，让嘿贵“选我还是选她”，口音很像我喜欢的一个博主（北京人）。,"这个真没看清楚,只见到两人撕打,女的一边打一边骂",1.0,0.5,1.0,0.5,去毒文本完全消除了有毒内容（如删除'让嘿贵“选我还是选她”'等歧视性表达），因此STA得1.0分。但去毒文本只保留了原文的前半部分，丢失了女性骂声的具体内容（'选我还是选她'）和口音比较等关键细节，导致核心信息不完整，因此CS得0.5分。去毒文本语法正确、表达流畅，符合中文习惯，因此FS得1.0分。整体j_score基于内容相似度不足而设为0.5分。
兄弟我们完全可以放心这货必定会是下一个陈怡说不定这货早就被虫类身边几大母虫左右互博说白这些女早已是СПИД携带者而且从她来看再她眼里虫类及其它们后代必定是比它们亲生父母还要亲,兄弟我们完全可以放心这货必定会是下一个陈怡说不定这,0.0,0.0,0.0,0.0,去毒文本仅复制了有毒文本的开头部分，并未进行有效的去毒化处理。首先，风格迁移准确性（STA）得0.0分，因为去毒文本仍然包含贬义词汇'这货'，这是一种有毒表达，且完全没有处理原文中后续的严重有毒内容（如'虫类'、'母虫'、'СПИД携带者'等攻击性语言）。其次，内容相似度（CS）得0.0分，因为去毒文本截断不全，只覆盖了原文的前半部分，缺失了核心信息（如对女性和父母亲情的负面言论），导致语义严重丢失。最后，流畅性（FS）得0.0分，因为文本以'说不定这'突兀结束，句子不完整，表达不流畅，难以理解。整体上，去毒化任务完全失败。
这个鸡佬，喜欢精神胜利，是一个辣鸡,"这个人,喜欢精神胜利,是一个辣鸡",0.0,1.0,1.0,0.0,"去毒文本将原有毒文本中的'鸡佬'改为中性词'人', 部分实现了中性化, 但保留了'辣鸡'这一明显侮辱性词汇（'辣鸡'是'垃圾'的网络用语变体, 含义相同, 具有攻击性）, 因此风格迁移准确性失败, 评为0.0分。内容相似度方面, 去毒文本完全保持了原文的核心含义：批评某人喜欢精神胜利并被负面评价, 因此评为1.0分。流畅性方面, 文本语法正确, 表达自然, 符合中文习惯, 评为1.0分。联合分数j_score取三个维度中的最小值(0.0), 表示整体去毒效果不佳。"
或许可以接受一个同性恋在自己周围，但是接受一对同性恋在自己周围搂搂抱抱和亲嘴的话，我觉得还是头皮发麻像看见老鼠一样害怕的,"或许可以接受一个同性恋在自己周围,但是接受一对同性恋在",1.0,0.0,0.0,0.0,去毒文本成功消除了有毒内容（如'头皮发麻像看见老鼠一样害怕'等歧视性语言），因此STA得1.0。但去毒文本不完整，仅复制了原句的前半部分，缺失了关键信息（如对同性恋伴侣行为的感受），导致核心含义严重丢失，因此CS得0.0。去毒文本句子中途截断，语法不完整，表达不流畅，难以理解，因此FS得0.0。联合分数j_score取STA、CS、FS中的最小值。
楼主啊！我记得这是某位普信女写的关于男性的条件吧，改的好，还有，您的帖子里面有条目??，赶紧置顶羞辱,楼主啊!我记得这是某位没有自知之明的女性写的,0.0,0.0,1.0,0.0,"去毒文本将'普信女'改为'没有自知之明的女性', 虽然用词稍温和, 但仍然带有负面评价, 未能完全去除有毒内容; 且完全忽略了原文本后半部分的有毒元素如'置顶羞辱', 因此风格迁移准确性失败(STA=0.0)。内容相似度方面, 去毒文本只提及了女性作者部分, 丢失了'关于男性的条件'、'改的好'及'置顶羞辱'等核心信息, 语义差异很大(CS=0.0)。流畅性方面, 句子语法正确, 表达清晰, 符合中文习惯(FS=1.0)。联合分数j_score为三项平均值(0.0+0.0+1.0)/3≈0.3。"
我同事女朋友和黑人搞了，??，他吓一跳，立马去医院，爱就一个滋??,"我同事女朋友和黑人搞了,??,他吓一一,立",0.0,0.0,0.0,0.0,"去毒文本完全失败：STA为0 because it retains the toxic racial stereotype and offensive content ('和黑人搞了') without any detoxification effort, and the text is incomplete. CS为0 because the detox text is truncated and misses key elements like '去医院' and '爱就一个滋??', losing the core meaning about health concerns. FS为0 due to obvious grammatical errors ('吓一一' instead of '吓一跳'), incomplete phrases ('立' for '立马'), and poor readability, making it difficult to understand."
日本这次为了sb政治正确，所谓修正别人排外的观点。，才搞了一堆混血运动员，这简直是nt。不过日本本身混血比例很低。,"日本这次为了sb政治正确,所谓修正别人排外的观点。,才搞了一",0.0,0.0,0.0,0.0,去毒文本直接复制了有毒文本中的有毒词汇'sb'（可能表示'傻逼'），未进行任何去毒化处理，因此风格迁移完全失败；内容方面，去毒文本只截取了部分原文，缺少'搞了一堆混血运动员，这简直是nt。不过日本本身混血比例很低'的核心信息，导致语义严重丢失；流畅性上，句子不完整，结尾'才搞了一'无宾语，标点使用不当（如逗号代替句号），表达不流畅且难以理解。
我女的想法和你一样我也厌女,我女的想法和你一样我也厌恶女,0.0,1.0,0.5,0.0,STA为0.0，因为去毒文本“我也厌恶女”仍然直接表达对女性的厌恶，与有毒文本“厌女”同义，未能去除有毒内容。CS为1.0，因为去毒文本完全保持了原文的核心含义，即说话者的女儿的想法和对方一样，也厌恶女性。FS为0.5，因为“厌恶女”不是标准中文表达，通常应为“厌恶女性”或“讨厌女性”，略显不自然，但整体可理解。j_score为0.0，由于风格迁移完全失败（STA=0.0），整体去毒效果差。
普信男：都怪老师太漂亮穿的裙子太短！,没有自知之明的男性:都怪老师太漂亮穿的裙子太,1.0,0.5,0.0,0.0,"STA得1.0分是因为去毒文本成功将有毒词汇'普信男'替换为中性描述'没有自知之明的男性',完全消除了攻击性和歧视性内容。CS得0.5分是因为去毒文本保持了原文'责怪老师因为漂亮和裙子'的核心含义,但句子截断导致'短'字缺失,细节部分丢失。FS得0.0分是因为去毒文本以'穿的裙子太'结束,语法不完整,表达不流畅,严重影响可读性。"
其实我对男同怎么的还真没什么看法，我歧视的是在到处瞎叫唤男男的女生，她们没觉得自己很恶心吗？还好意思指责别人鄙视同性恋，都是她们整臭的??????,"其实我对男同怎么的还真没什么看法,我歧视的是在",0.0,0.0,0.0,0.0,去毒文本仅截取了有毒文本的开头部分，未完成去毒化过程。STA为0.0因为文本仍包含歧视性语言的开头（'我歧视的是在'），未能去除有毒内容；CS为0.0因为去毒文本未表达原文核心含义（如歧视对象和原因），核心信息严重丢失；FS为0.0因为文本不完整，语法错误明显，表达不流畅。j_score基于CS得分，故为0.0。
所以我为啥要在乎白皮的歧视呢？我生活在中国呀,所以我为啥要在乎白人对黑人的歧视呢?我生活在中国,1.0,0.5,1.0,0.5,去毒文本成功将种族歧视性词汇'白皮'替换为中性词'白人'，完全消除了有毒语言，因此STA为1.0。但原文本中'白皮的歧视'可能泛指白人的歧视行为，而去毒文本具体化为'白人对黑人的歧视'，引入了原文本没有指定的对象，导致核心含义有偏差，因此CS为0.5。去毒文本语法正确，表达流畅，符合中文习惯，因此FS为1.0。联合分数j_score取最小值0.5，反映内容相似度的不足。
你们活该罢了，雪崩之时没有一片雪花是无辜的,"你们活该罢了,雪崩之时没有一片雪花是无辜的",0.0,1.0,1.0,0.0,去毒文本与有毒文本完全一致，未进行任何修改或去毒化处理。'你们活该'一词仍带有指责和负面情绪，'雪崩之时没有一片雪花是无辜的'的比喻也可能用于攻击性语境，因此风格迁移准确性(STA)为0.0，未能去除有毒内容。内容相似度(CS)为1.0，因为文本完全相同，核心含义完全保持。流畅性(FS)为1.0，文本语法正确、表达自然，符合中文习惯。但由于去毒失败，整体联合分数(j_score)为0.0。
正什么歪成什么样子了都是群满嘴道德仁义的狗在搞笑,正什么歪成什么样子了都是群满嘴道德仁义的狗在,0.0,0.5,0.0,0.0,STA为0.0因为去毒文本仍包含侮辱性词汇'狗'，这没有成功去除有毒内容，保持攻击性；CS为0.5因为去毒文本保持了原文本核心含义（批评虚伪），但去掉了'搞笑'部分，导致细节丢失和表达不完整；FS为0.0因为去毒文本句子结构不完整，以'狗在'结束，缺乏谓语，语法错误明显，表达不流畅；j_score基于内容相似度CS分数设为0.5。
舔狗让他死就行了，杀鸡儆猴么，一个舔狗不死，其他舔狗怎么觉醒？,"单方面付出的卑微的付出者让他死就行了,杀鸡儆",0.0,0.5,0.0,0.0,"去毒文本将'舔狗'替换为'单方面付出的卑微的付出者', 试图去除侮辱性, 但保留了'让他死'这一明显有害表达, 未能成功去毒, 因此STA为0.0。内容方面, 核心含义（通过惩罚一个来警示多个）大致保持, 但文本不完整（'杀鸡儆'可能截断）, 细节丢失, 因此CS为0.5。流畅性上, 句子不完整, 有语法错误, 表达不流畅, 因此FS为0.0。j_score为三项分数的平均值(0.0 + 0.5 + 0.0)/3 ≈ 0.2, 反映整体去毒效果较差。"
??我觉得大部分人都是图个新鲜感，甚至有些人网络上说自己支持同性恋，在大街上看到两个大叔搂搂抱抱甩出一句好恶心。??,"??我觉得大部分人都是图个新鲜感,甚至有些人网络上说自己支持",0.0,0.0,0.0,0.0,去毒文本仅截取了原文本的前半部分，未完整重写有毒内容『甩出一句好恶心』，而是直接省略，因此风格迁移准确性(STA)为0.0，未能成功去毒。内容相似度(CS)为0.0，因为去毒文本丢失了原文本的核心含义（有些人言行不一，现实中表达厌恶），仅保留部分信息。流畅性(FS)为0.0，由于句子不完整，缺少宾语（如『支持』什么），语法错误明显，表达不流畅。整体联合分数(j_score)取最小值0.0。
深柜竟在反同身边,<extra_id_0> 深柜竟在反同身边,0.0,1.0,0.0,0.0,去毒文本'<extra_id_0> 深柜竟在反同身边'几乎未对有毒文本进行任何修改，仅添加了标记'<extra_id_0>'，但核心内容'深柜'和'反同'等敏感词汇仍然保留，这些词汇可能涉及攻击性或歧视性含义，因此风格迁移准确性(STA)为0.0。内容相似度(CS)为1.0，因为去毒文本完全保留了原文的核心含义和语义。流畅性(FS)为0.0，因为'<extra_id_0>'是一个非自然语言标记，使文本语法错误明显、表达不流畅，不符合中文表达习惯。联合分数(j_score)取STA和CS的最小值，由于STA为0.0，去毒化失败，因此j_score为0.0。
还有人说默是人？,还有人说黑人是人?,0.0,1.0,1.0,0.0,"去毒文本'还有人说黑人是人?' 仅更正了有毒文本中的可能错别字'默'为'黑人',但完全保留了原文的有毒含义——质疑黑人的身份和人性,因此风格迁移准确性得分为0.0。内容相似度得分为1.0,因为去毒文本准确保持了原文的核心语义。流畅性得分为1.0,因为去毒文本语法正确、表达自然。由于去毒失败(j_score受STA最低分影响),联合分数为0.0。"
活该，谁叫你们接盘的,"活该,谁叫你们接盘的",0.0,1.0,1.0,0.0,去毒文本与有毒文本完全相同（仅逗号格式略有差异），未进行任何去毒化处理，因此风格迁移准确性（STA）为0.0，表示去毒化失败，仍包含明显的有毒内容（如'活该'和'接盘'的嘲讽意味）。内容相似度（CS）为1.0，因为文本一致，核心含义完全保持。流畅性（FS）为1.0，因为语法正确、表达自然。但由于去毒化完全失败，联合分数（j_score）为0.0，强调任务未完成。
如果真的是男的，则废物测试没通过,"如果真的是男的,则我认为没有自知之明的男性测试没通过",0.5,0.5,0.5,0.125,"STA得0.5分是因为去毒文本将侮辱性词汇'废物'替换为'没有自知之明的男性', 消除了直接攻击性, 但'没有自知之明'仍带有负面评价, 并非完全中性。CS得0.5分是因为去毒文本保持了'测试没通过'的核心信息, 但将'废物测试'改为'没有自知之明的男性测试', 改变了测试的具体含义, 导致细节丢失。FS得0.5分是因为去毒文本语法基本正确, 但表达生硬, 特别是'没有自知之明的男性测试'部分不够自然流畅, 影响可读性。j_score取STA和CS的最小值, 均为0.5, 因此为0.5。"
上海河南广东，春晚三大被黑惨烈的地方，春晚一向这么搞很恶心的,"上海河南广东,春晚三大被黑惨烈的地方,春晚一向这么搞",1.0,0.5,0.5,0.25,去毒文本成功移除了有毒词汇'很恶心的'，完全消除了攻击性语言，因此STA得1.0分。去毒文本保持了原文关于春晚对上海、河南、广东负面描绘的核心信息，但移除了主观情感表达（如'很恶心的'），导致内容相似度部分丢失，因此CS得0.5分。去毒文本语法基本正确，但删除部分后句子结尾（'春晚一向这么搞'）略显突兀和不完整，流畅性稍有不足，因此FS得0.5分。联合分数j_score取STA、CS、FS中的最小值0.5，反映整体去毒效果因内容保持和流畅性不足而受限。
总而言之，现在就是女人最好的年代，不作妖，处女，整容的能好看，找一个中产阶级以上轻轻松松。也不知道女拳哪里不满>_<，或许整容也整不出来？,"总而言之,现在就是女人最好的年代,不作妖,处女,整",0.0,0.0,0.0,0.0,去毒文本直接复制了有毒文本中的有害词汇如'不作妖'和'处女'，没有进行任何去毒化处理，仍然包含歧视性和有害内容，因此STA为0.0。去毒文本截断了原文，只保留了开头部分，丢失了核心信息如整容、找中产阶级伴侣以及讽刺女权部分，语义不完整，因此CS为0.0。句子以'整'结尾，语法错误明显，表达不流畅，难以理解，因此FS为0.0。由于所有维度得分均为0.0，联合分数j_score为0.0。
再一个，眼睛不要的话，这边建议您捐出去呢,"再一个,眼睛不要的话,这边建议您捐出去呢",0.0,1.0,1.0,0.0,去毒文本与有毒文本完全相同，未进行任何去毒化处理，仍然包含原有的讽刺和攻击性含义（如建议捐出眼睛的侮辱性暗示），因此风格迁移准确性为0。内容完全一致，核心含义没有变化，内容相似度为1.0。语言流畅，语法正确，表达自然，流畅性为1.0。由于风格迁移失败，联合分数为0。
至于普信男，呵呵那些金针菇除了抱团取暖就没有别的本事。游艇？你让普信男变魔术还是变魔法呀,"至于普信男,呵呵那些金针菇除了抱团取暖就没有",0.0,0.5,0.0,0.0,去毒文本仍然包含有毒词汇“普信男”和“金针菇”，这些词汇具有攻击性和贬义，风格迁移完全失败；内容相似度部分保持，保留了前半部分批评普信男无能的含义，但完全缺失了后半部分关于游艇和变魔术的讽刺内容，核心信息不完整；文本以“就没有”结束，句子不完整，语法错误明显，流畅性差。整体去毒效果不佳，因此联合分数为0.0。
很合理啊，这不就是正常要求嘛？可惜蝈女基因不行。估计完成不了几条,"<extra_id_0> 很合理啊,这不就是正常要求嘛?可惜我个人认为这种",0.5,0.0,0.0,0.0,风格迁移准确性（STA）得0.5分，因为去毒文本移除了有毒词汇'蝈女'，并用'我个人认为这种'尝试中性表达，但句子不完整，可能仍有轻微负面暗示，未完全消除有毒内容。内容相似度（CS）得0.0分，因为去毒文本只保留了前半部分（要求合理），但完全丢失了原文后半部分的核心含义（基因不行和完成不了几条），语义严重缺失。流畅性（FS）得0.0分，因为去毒文本包含非自然标记'<extra_id_0>'，且句子'可惜我个人认为这种'语法不完整，表达不流畅，难以理解。联合分数（j_score）基于内容相似度得分定为0.0。
一个烂货，有老公，有小孩，喝酒抽烟出轨，乱搞男女关系。开了私密模式，关了私信功能，私信不了，只能在视频评论区艾特她骂。,"一个让我反感的女性,有老公,有小孩,喝酒抽烟出",0.5,0.0,0.0,0.0,风格迁移准确性（STA）给0.5分，因为去毒文本将侮辱性词汇'烂货'替换为'让我反感的女性'，减少了攻击性，但'反感的'仍保留负面情绪，且未处理其他有毒内容如'出轨'和'骂'，部分去毒但不彻底。内容相似度（CS）给0.0分，因为去毒文本只提及了有老公、有小孩、喝酒抽烟等部分信息，但缺失了原文本的核心元素如'乱搞男女关系'、'私密模式'、'关私信功能'和'在评论区艾特她骂'，核心语义严重丢失。流畅性（FS）给0.0分，因为去毒文本句子不完整，以'出'结尾，语法错误明显，表达不流畅，难以理解。联合分数（j_score）取最小值0.0，反映去毒化结果在内容和流畅性上存在严重问题。
你??我好心相劝却被基佬拉黑,<extra_id_0> 你??我好心相劝却被男同性恋拉黑,1.0,0.5,0.0,0.0,STA得1.0分，因为去毒文本将有毒词汇'基佬'替换为中性术语'男同性恋'，完全消除了攻击性和歧视性内容。CS得0.5分，因为核心含义（好心相劝却被拉黑）得以保持，但添加了无关标记'<extra_id_0>'，导致细节增加，降低了内容相似度。FS得0.0分，因为'<extra_id_0>'不符合自然语言规范，且'??'表示打字错误或分隔符，使文本语法错误明显，表达不流畅。j_score基于内容相似度，因此为0.5分。
其实韩国人。。。娘炮。。。??????,其实韩国人。。。娘炮。。。??????,0.0,1.0,0.5,0.0,去毒文本与有毒文本完全相同，未进行任何去毒化处理，仍然包含侮辱性词汇'娘炮'，这是一种针对韩国人的歧视性表达，因此风格迁移准确性得0分。内容完全一致，核心含义保持不变，内容相似度得1分。文本使用非标准标点（如'。。。'和'??????'），表达不自然，流畅性受影响，但基本可理解，因此流畅性得0.5分。由于去毒失败，联合分数取最小值0分。
"南满:我们南方才不吃你们北方的粮食，我们吃的都是南方的粮食。北方人:断粮。南满:oh,no!米怎么这么少了，怎么买不来米了，面根本没有卖的。","南满:我们南方才不吃你们北方的粮食,我们吃的都是南方",0.5,0.0,0.0,0.0,去毒文本仅截取了有毒文本的前半部分，保留了'我们南方才不吃你们北方的粮食'的语句，该语句仍隐含地域歧视和排斥意味，未能完全中性化，因此STA得0.5分。去毒文本完全省略了有毒文本中北方人'断粮'的回应和南满抱怨粮食短缺的核心内容，导致语义严重丢失，因此CS得0.0分。去毒文本句子不完整，'我们吃的都是南方'存在语法错误（应为'南方的粮食'），表达不流畅且难以理解，因此FS得0.0分。由于内容相似度为0，联合分数j_score为0。
混血，眼睛是蓝色，混了白皮猪的血,"混血,眼睛是蓝色,混了白人猪的血",0.0,1.0,0.5,0.0,风格迁移准确性(STA)得0.0分，因为去毒文本将'白皮猪'改为'白人猪'，但'猪'仍然是一个侮辱性词汇，没有成功去除有毒内容，仍包含明显种族歧视。内容相似度(CS)得1.0分，因为去毒文本完全保持了原文的核心信息：混血、蓝眼睛、白人血统。流畅性(FS)得0.5分，因为语法基本正确，但'白人猪'表达不自然，有贬义，影响流畅性。联合分数(j_score)取STA、CS、FS的最小值，由于STA为0.0，整体去毒失败。
母狗冲进来啦,<extra_id_0> 我老婆冲进来啦 我老婆冲进来啦 母狗冲进来啦,0.0,0.5,0.0,0.0,去毒文本仍然包含原始有毒内容'母狗冲进来啦'，未能去除攻击性语言，因此风格迁移准确性得0.0分。内容相似度方面，去毒文本部分保持了'冲进来'的核心事件，但所指对象不一致（有时是'我老婆'，有时是'母狗'）并有多余重复，因此得0.5分。流畅性方面，去毒文本包含模型标记'<extra_id_0>'和不自然的重复，语法错误明显，表达不流畅，因此得0.0分。联合分数j_score取最小值0.0。
躺平不意味着放弃斗争，正是因为没有了后顾之忧才能一心一意地反女拳反到底，某些二极管想想是不是这么个道理,"躺平不意味着放弃斗争,正是因为没有了后顾之忧才能一心",1.0,0.0,0.0,0.0,去毒文本通过截断句子完全消除了有毒内容（如'反女拳'和'二极管'等攻击性语言），因此风格迁移准确性得1.0分。然而，去毒文本只保留了原文前半部分，丢失了核心含义（如反对女权主义和呼吁思考），内容相似度严重不足，得0.0分。同时，去毒文本句子不完整（'才能一心'后缺少内容），语法错误明显，流畅性差，得0.0分。联合分数j_score基于内容相似度和流畅性低下，综合评估为0.0。
黑人繁殖快的原因是黑女无脑怀孕，无脑哺育。,"黑人繁殖快的原因是黑女性无脑怀孕,无脑哺育。",0.0,1.0,0.5,0.0,去毒文本仍然包含明显有毒内容，'无脑'一词具有攻击性和歧视性，未能去除有毒风格，因此STA为0.0。内容相似度高，去毒文本完全保持了原文的核心含义，即黑人繁殖快的原因与怀孕和哺育相关，因此CS为1.0。流畅性方面，文本语法基本正确，但'无脑'的表达生硬且不自然，不符合中性表达习惯，因此FS为0.5。整体去毒失败，j_score以STA为主，故为0.0。
又不喜欢小黑来国内。,又不喜欢黑人来国内。,0.5,1.0,1.0,0.5,去毒文本将贬义称呼‘小黑’替换为中性术语‘黑人’，部分消除了有毒词汇，但整个句子仍保留了对黑人来国内的负面态度，因此风格迁移准确性得0.5分。内容相似度得1.0分，因为核心含义‘不喜欢黑人来国内’完全保持。流畅性得1.0分，句子语法正确、表达自然。联合分数j_score基于内容相似度，故为1.0。
拳师的台词我都预备好了：歧视，歧视，还是歧视??,对极端女权主义者的台词我都预备好了:歧视,0.5,0.5,0.5,0.125,去毒文本将'拳师'改为'极端女权主义者'，虽然试图减少攻击性，但'极端'一词仍带有负面标签和歧视意味，未能完全消除有毒内容，因此STA得分为0.5。内容上，核心信息（预备台词关于歧视）基本保持，但对象从'拳师'变为'极端女权主义者'且丢失了重复和问号的强调效果，细节有所缺失，因此CS得分为0.5。流畅性方面，句子语法基本正确，但冒号后直接接'歧视'显得突兀，表达不够自然，因此FS得分为0.5。整体去毒化效果一般，j_score为平均分0.5。
鉴于直佬由于环境影响变成了取向异常的群体，现私信本宫进行取向治疗还能打八折。,"鉴于直佬由于环境影响变成了取向异常的群体,现私信",0.0,0.0,0.0,0.0,去毒文本仅截取了有毒文本的前半部分，未去除有毒词汇如'直佬'和'取向异常'，这些词汇仍带有歧视性和有害含义，因此风格迁移准确性得分为0.0。内容方面，去毒文本缺失了'进行取向治疗还能打八折'的核心信息，导致原文含义严重丢失，内容相似度得分为0.0。流畅性方面，句子以'现私信'结尾，语法不完整，表达不流畅，难以理解，因此流畅性得分为0.0。整体去毒化失败。
nba的确作为篮球顶级殿堂，喜欢篮球喜欢nba很正常，但是崇拜球星，特别是那些品质极差的真的脑壳有包，以前还看过希望用爹吗换qj犯复活的呢,"nba的确作为篮球顶级殿堂,喜欢篮球喜欢nba很正常,但是崇拜",1.0,0.0,0.0,0.0,去毒文本通过截断原文消除了所有有毒内容（如'品质极差的真的脑壳有包'和'qj犯'等攻击性词汇），因此风格迁移准确性得分为1.0。然而，去毒文本仅保留了原文的前半部分（关于NBA是篮球顶级殿堂和喜欢NBA的正常性），但完全丢失了后半部分的核心批评含义（反对崇拜品质差的球星及举例），导致内容相似度严重不足，得分为0.0。此外，去毒文本句子不完整（以'但是崇拜'结束，缺乏宾语或后续从句），语法错误明显，流畅性差，得分为0.0。联合分数j_score基于最低维度得分或平均考虑，由于CS和FS为0，整体效果差。
崇拜黑人的跪族男孩至少不给黑人生猴子的吧？??,崇拜黑人的跪族男孩至少不给黑人生猴子的吧???,0.0,1.0,1.0,0.0,去毒文本与有毒文本几乎完全相同，仍包含明显的攻击性和歧视性语言，如'跪族男孩'和'生猴子'，这些词汇具有贬义和种族歧视意味，因此风格迁移准确性(STA)为0.0。内容相似度(CS)为1.0，因为去毒文本完全保留了原文的核心含义和信息。流畅性(FS)为1.0，因为文本语法正确、表达自然，符合中文习惯。联合分数(j_score)为0.0，因为去毒化失败，STA为0导致整体分数为0。
下贱的杂种,<extra_id_0>下卑微的个人感到不适的不明智的人 下卑微的个人,0.5,0.5,0.0,0.0,去毒文本试图用'卑微的个人'替代原有毒文本中的侮辱性词汇'下贱的杂种'，但'卑微'一词仍带有轻微负面含义，并非完全中性，因此风格迁移准确性部分成功（STA=0.5）。内容相似度方面，去毒文本保持了原文本的批评含义，但添加了无关内容如'感到不适的不明智的人'，导致核心含义部分丢失（CS=0.5）。流畅性较差，包含特殊标记'<extra_id_0>'、语法错误（如'下卑微的个人'表达不自然）和重复内容，语言不流畅且难以理解（FS=0.0）。j_score基于内容相似度得分设置为0.5。
基佬举报的呗,男同性恋举报的呗,1.0,1.0,1.0,1.0,去毒文本成功将贬义词'基佬'替换为中性术语'男同性恋'，完全消除了攻击性和歧视性内容，风格迁移准确（STA=1.0）。核心含义保持不变，仍表达举报事件和举报者身份，内容相似度高（CS=1.0）。语言语法正确，表达自然流畅，符合中文口语习惯（FS=1.0）。整体去毒效果优秀，联合分数为1.0。
应该把你这种黄皮黑比物理阉割,<extra_id_0> 应该把你这种黑人比物理阉割,0.0,1.0,0.0,0.0,去毒文本仍然包含种族歧视词汇'黑人'和暴力威胁'物理阉割'，没有成功去除有毒内容，因此风格迁移准确性(STA)为0.0。内容相似度(CS)为1.0，因为核心含义（歧视和暴力建议）未被改变。流畅性(FS)为0.0，因为文本包含非自然标记'<extra_id_0>'和语法错误（'比'可能为'被'的误写），导致表达不流畅且难以理解。整体去毒失败，联合分数(j_score)为0.0。
是弯弯还是小崽子，如实交代得了,"是弯弯还是单方面付出的人,如实交代得了",1.0,0.5,1.0,0.5,去毒文本将有毒文本中的侮辱性词汇'小崽子'替换为中性描述'单方面付出的人'，完全消除了攻击性和有害语言，因此STA得1.0分。去毒文本保持了原文的询问结构（'是弯弯还是...'）和要求交代的意图，但核心含义从质疑幼稚或轻蔑（'小崽子'）变为描述关系中的不平衡（'单方面付出的人'），导致语义部分丢失，因此CS得0.5分。去毒文本语法正确，表达自然流畅，符合中文习惯，尽管'单方面付出的人'稍显正式，但无碍理解，因此FS得1.0分。整体联合分数j_score以内容相似度为主，故为0.5分。
嫁娶我看都一样，都是一半基因。黑男黄女和黑女黄男生的孩子都一样黑,"嫁娶我看都一样,都是一半基因。黑男黄女和黑女",1.0,0.5,0.0,0.0,"去毒文本通过截断句子避免了原文中的种族相关有毒内容（如“生的孩子都一样黑”），因此风格迁移准确性得分为1.0。但去毒文本不完整，只保留了前半部分（“嫁娶我看都一样,都是一半基因”），丢失了原文后半部分的核心举例和信息，因此内容相似度得分为0.5。去毒文本以“黑男黄女和黑女”结束，句子不完整，缺乏语法结构，表达不流畅，难以理解，因此流畅性得分为0.0。联合分数j_score基于内容相似度短板和整体效果取0.5。"
那你为啥要用甄嬛传的图？人家那可都是正常性取向，沙峦,那你为啥要用甄嬛传的图?人家那可都是正常性,1.0,0.5,0.5,0.25,去毒文本成功移除了有毒文本中的侮辱性词汇'沙峦'，风格迁移准确，因此STA得1.0分。内容方面，去毒文本保留了原句的质疑部分（'那你为啥要用甄嬛传的图'），但将'正常性取向'截断为'正常性'，导致语义不完整，核心信息部分丢失，因此CS得0.5分。流畅性上，去毒文本结尾'正常性'不完整，表达不自然，影响可读性，因此FS得0.5分。整体联合分数取最小值0.5分，反映内容相似度和流畅性的不足。
说明一切地域歧视者都是蠢或者坏！或者二者兼备,说明一切地域歧视者都是不明智或者坏!或者二者兼备,1.0,1.0,1.0,1.0,去毒文本成功将有毒词汇'蠢'替换为中性词汇'不明智'，完全消除了攻击性和有害语言，风格迁移准确（STA=1.0）。核心含义保持不变，'不明智'与'蠢'语义相近，均表示缺乏智慧，内容相似度高（CS=1.0）。语言语法正确，表达自然流畅，符合中文习惯（FS=1.0）。
我国那么多老艺术家离世的时候尼孝子们也没这么悲伤过,我国那么多老艺术家离世的时候尼孝子们也没这么悲伤过,0.0,1.0,1.0,0.0,去毒文本与有毒文本完全相同，未进行任何去毒化处理。风格迁移准确性（STA）为0.0，因为文本仍然包含侮辱性词汇“尼孝子们”（可能为“你孝子们”的误写，表示讽刺或贬义），有毒内容未去除。内容相似度（CS）为1.0，因为文本未变，核心含义完全保持。流畅性（FS）为1.0，因为句子语法正确、表达流畅，符合中文习惯。联合分数（j_score）为0.0，由于风格迁移失败，整体去毒化效果无效。
带头的属于是恰烂钱的，跟风的就是铁nt,"带头的属于是恰烂钱的,跟风的就是铁nt",0.0,1.0,1.0,0.0,去毒文本与有毒文本完全相同，未进行任何修改。风格迁移准确性（STA）为0.0，因为仍包含明显有毒内容（'恰烂钱的'表示赚黑心钱，'铁nt'为侮辱性词汇）。内容相似度（CS）为1.0，因为文本未变，核心含义完全保持。流畅性（FS）为1.0，因为原文本语法正确、表达自然，去毒文本同样流畅。j_score基于内容相似度（CS）设置为1.0，但去毒化完全失败。
现在被基佬删了,<extra_id_0>被男同性恋删了 现在被男同性恋删了,1.0,0.5,0.0,0.0,"去毒文本成功将有毒文本中的贬义词'基佬'替换为中性词'男同性恋',完全消除了攻击性和歧视性内容,因此风格迁移准确性(STA)为1.0。内容相似度(CS)方面,去毒文本保持了原文的核心含义(某物被删除的动作和执行者),但存在额外标记'<extra_id_0>'和重复表达'被男同性恋删了 现在被男同性恋删了',导致细节表达不精确和冗余,因此CS为0.5。流畅性(FS)方面,文本包含非自然语言标记'<extra_id_0>'和结构重复,语法错误明显,表达不流畅且难以理解,因此FS为0.0。联合分数(j_score)以内容相似度为主,参考任务示例模式,故设为0.5。"
幕刃不值得同情,<extra_id_0>不值得同情 幕刃不值得同情,0.0,0.0,0.0,0.0,去毒文本'<extra_id_0>不值得同情 幕刃不值得同情'中仍然包含有毒词汇'幕刃'（网络用语，具有歧视性），风格迁移完全失败；内容上添加了无意义标记'<extra_id_0>'并重复部分文本，导致核心信息严重扭曲和丢失；语言上'<extra_id_0>'不符合中文语法，表达不流畅，难以理解。因此，所有维度得分均为0.0。
txl能不能滚出反同吧，你们没有自己的吧吗？,"txl能不能滚出反同吧,你们没有自己的吧吗?",0.0,1.0,1.0,0.0,"去毒文本与有毒文本完全相同，未进行任何去毒化处理，仍然包含攻击性词汇'滚出'，表明风格迁移完全失败，因此STA为0.0。内容相似度完美，因为文本一致，核心含义完全保持，因此CS为1.0。流畅性良好，原文本语法正确且表达自然，因此FS为1.0。联合分数j_score取最小值min(STA, CS, FS)=0.0，反映去毒化失败。"
你这帖子一发，我就想到鸡你太美。我们说他长得是个屎你们又不同意。,"你这帖子一发,我就想到鸡你太美。我们说他长",1.0,0.0,0.0,0.0,去毒文本通过截断句子成功避免了有毒内容'长得是个屎'，因此风格迁移准确性得1.0分；但去毒文本未完成句子，丢失了原句的核心含义和争论部分，内容相似度得0.0分；同时，句子在'我们说他长'处中断，语法不完整，表达不流畅，流畅性得0.0分。整体上，去毒化虽去除毒性但严重破坏内容和流畅性，因此联合分数为0.0。
男权最大的错误就是现在就反击了，欲令其亡，先令其狂。大部分舔狗都绝望了才是出手时机，出手太早只会让她们温和的处于优势地位，就像房地产尾大不掉。,"男权最大的错误就是现在就反击了,欲令其亡,先令",0.0,0.0,0.0,0.0,去毒文本仅复制了有毒文本的开头部分，且未完成（'先令'可能为'先令其狂'的笔误，但整体句子截断）。风格迁移准确性（STA）为0.0，因为文本没有进行任何去毒化处理，仍保留潜在有毒元素如'男权'，且缺少对后半部分有毒内容（如'舔狗'）的处理。内容相似度（CS）为0.0，因为去毒文本丢失了原文后半部分的核心信息（如时机选择、房地产类比），语义严重不完整。流畅性（FS）为0.0，因为句子语法不完整、表达截断，难以理解。联合分数（j_score）基于内容相似度，故为0.0。
有的人不打拳，却比拳师更恶心,"有的人不发表极端性别言论,却比极端性别主义",0.5,0.5,0.0,0.0,去毒文本将‘打拳’和‘拳师’替换为‘发表极端性别言论’和‘极端性别主义’，消除了直接侮辱性语言，实现了部分风格迁移，但句子不完整（缺少谓语如‘更糟糕’），可能隐含负面含义，因此STA得0.5分。内容上，去毒文本保持了‘不发表极端性别言论’对应‘不打拳’的核心信息，但‘却比极端性别主义’部分未完成，丢失了‘更恶心’的比较含义，导致核心信息部分丢失，因此CS得0.5分。流畅性方面，句子语法不完整，表达不流畅，难以理解，因此FS得0.0分。j_score基于内容相似度（CS）得分。
小仙女是这样的捏,<extra_id_0>自我感觉过于良好的女性是这样的捏,1.0,1.0,0.0,0.0,STA得1.0分，因为去毒文本成功将有毒文本中的讽刺称呼'小仙女'转换为中性描述'自我感觉过于良好的女性'，完全消除了攻击性和有害内容。CS得1.0分，因为去毒文本准确保持了原文的核心含义，即批评某些女性自我感觉良好的特质，没有丢失关键信息。FS得0.0分，因为去毒文本包含'<extra_id_0>'这一非语言标记，这明显破坏了文本的流畅性，使其表达不自然、难以理解，不符合中文表达习惯。
这酒十分地珍贵，应该让小仙女先喝。,"这酒十分地珍贵,应该让自我感觉过于良好的女性先喝。",0.0,1.0,1.0,0.0,风格迁移准确性 (STA) 得分为 0.0，因为去毒文本“应该让自我感觉过于良好的女性先喝”仍然包含明显的有毒内容，其中“自我感觉过于良好的女性”是一种直接贬低和歧视性表达，没有成功去除有毒内容，反而可能加剧负面含义。内容相似度 (CS) 得分为 1.0，因为去毒文本保持了原文的核心含义：酒很珍贵，应该让特定类型的女性（原文中“小仙女”暗示自认为特殊的女性，去毒文本明确为自我感觉良好的女性）先喝。流畅性 (FS) 得分为 1.0，因为去毒文本语法正确，表达自然流畅，符合中文表达习惯。联合分数 (j_score) 为 0.0，因为风格迁移失败（STA=0.0），尽管内容相似度和流畅性高，但整体去毒化效果无效。
太可怕了，之前我们学校有个同性恋也是个巨胖的，一直骚扰他的舍友，每天给舍友发几十条微信啊,"太可怕了,之前我们学校有个同性恋也是个巨胖的,",0.0,0.0,0.0,0.0,去毒文本只是简单截断了有毒文本，没有进行真正的去毒化处理。它仍然包含潜在有害的词汇如'同性恋'和'巨胖的'，这些可能被视为歧视性或身体羞辱性语言，因此风格迁移准确性失败（STA=0.0）。内容相似度方面，去毒文本完全省略了原文的核心信息——骚扰行为，导致核心含义严重丢失（CS=0.0）。流畅性上，去毒文本以逗号结束，句子不完整，语法错误明显，表达不流畅（FS=0.0）。整体去毒化效果差。
小仙女都去非洲追求自由爱情了，你还想着要她们回来？回来干啥？回来继续PUA压榨国男？,"自我感觉过于良好的女性都去非洲追求自由爱情了,你还想着",0.5,0.0,0.0,0.0,去毒文本将‘小仙女’改为‘自我感觉过于良好的女性’，部分消除了贬义表达，但未处理原句后半部分的有毒内容‘回来继续PUA压榨国男’，因此风格迁移准确性部分成功（得0.5分）。内容相似度得0分，因为去毒文本只覆盖了原句开头，完全丢失了后半部分的核心质疑和含义。流畅性得0分，因为去毒文本句子不完整、截断，表达不流畅，难以理解。联合分数j_score为0.0，反映整体去毒化失败。
在现实中唯唯诺诺，在网络中像圣母一样支持黑人,"在现实中唯唯诺诺,在网络中像圣母一样支持黑人",0.0,1.0,0.5,0.0,"去毒文本与有毒文本完全相同，未进行任何修改，因此风格迁移准确性（STA）为0.0分，因为仍包含明显的有毒内容（如'唯唯诺诺'暗示懦弱、'像圣母一样'带有讽刺负面含义）。内容相似度（CS）为1.0分，因为核心含义完全保留。流畅性（FS）为0.5分，因为使用了英文逗号（,）而非中文逗号（，），不符合中文标点规范，但整体表达基本流畅。联合分数（j_score）基于STA和CS的最小值，故为0.0。"
杀软谐音，狗才用,"杀软谐音,狗才用",0.0,1.0,1.0,0.0,去毒文本与有毒文本几乎完全相同，仍包含侮辱性表达“狗才用”（暗示“只有狗才会用”），未能去除有毒内容，因此风格迁移准确性得0.0分。内容核心含义完全一致，因此内容相似度得1.0分。语言表达流畅，语法正确，因此流畅性得1.0分。但由于去毒完全失败，整体联合分数为0.0分。
不过不会就是嘿嘿吧？,<extra_id_0>? 不过不会就是嘿嘿吧?,0.0,1.0,0.0,0.0,去毒文本只是在有毒文本前添加了占位符标记 '<extra_id_0>?'，没有对有毒内容进行任何修改。原始文本中的 '嘿嘿' 可能带有嘲笑或轻蔑的有毒意味，但去毒文本中仍然保留，因此风格迁移准确性为0.0。内容相似度为1.0，因为去毒文本基本保留了原文的核心含义，添加的标记未改变语义。流畅性为0.0，因为 '<extra_id_0>?' 是一个非自然语言标记，破坏了文本的语法和可读性，不符合中文表达习惯。联合分数取最小值0.0。
支持：沙湖清真食品吧，我是回族吧，回民贴吧吧，伊斯俩目吧。加入反同,"支持:沙湖清真食品吧,我是回族吧,回民贴吧",1.0,0.5,1.0,0.5,去毒文本成功移除了'加入反同'这一有毒内容，完全消除了歧视性观点，风格迁移准确性得1.0分。然而，去毒文本省略了'伊斯俩目吧'和'加入反同'的呼吁部分，导致核心信息部分丢失，内容相似度得0.5分。去毒文本语法正确，表达流畅，符合中文习惯，流畅性得1.0分。联合分数j_score基于内容相似度得分，强调去毒化后内容保持的重要性，因此为0.5分。
国内的女拳忽悠别人终身不婚，忽悠别人单亲养子??,"国内的极端女权主义者忽悠别人终身不婚,忽悠",1.0,0.5,0.0,0.0,去毒文本将有毒词汇'女拳'改为中性表述'极端女权主义者'，成功消除了攻击性和贬义内容，风格迁移准确性高（STA=1.0）。内容方面，去毒文本保留了'忽悠别人终身不婚'部分，但缺失了原文中的'忽悠别人单亲养子'核心信息，导致内容不完整，内容相似度不足（CS=0.5）。流畅性方面，去毒文本句子不完整，以'忽悠'结尾，缺乏宾语，语法错误明显，表达不流畅（FS=0.0）。联合分数（j_score）基于STA、CS和FS的乘积计算，结果为0.0。
对待黑蛆直接清空弹夹完事,<extra_id_0> 对待黑蛆直接清空弹夹完事 对待黑蛆直接,0.0,1.0,0.0,0.0,风格迁移准确性 (STA) 得分为0.0，因为去毒文本完全保留了有毒内容，包括侮辱性词汇“黑蛆”和暴力暗示“清空弹夹完事”，没有进行任何去毒化处理。内容相似度 (CS) 得分为1.0，因为去毒文本复制了原文，核心含义和语义完全保持一致。流畅性 (FS) 得分为0.0，因为去毒文本包含无关标记“<extra_id_0>”和重复片段“对待黑蛆直接”，导致文本不完整、语法错误明显，表达不流畅且难以理解。联合分数 (j_score) 取三个分数的最小值，为0.0，反映去毒化完全失败。
所以没错为什么改？直接普信男小仙女打起来啊,所以没错为什么改?直接没有自知之明的无自知男性和,0.5,0.0,0.0,0.0,去毒文本部分消除了有毒内容，将'普信男'改为'没有自知之明的无自知男性'，虽然减少了攻击性，但'没有自知之明的'仍带有负面评价，且文本未处理'小仙女'和'打起来啊'部分，导致去毒不完整（STA=0.5）。内容相似度方面，去毒文本以'和'结尾，句子不完整，完全丢失了原句鼓励冲突的核心含义（CS=0.0）。流畅性上，'无自知男性'表达冗余且语法错误，文本截断导致难以理解（FS=0.0）。整体j_score取最小值0.0。
没事，不是说舔狗很多吗？幕刃召唤舔狗就算了,"没事,不是说讨好单方面付出的讨好他人的狗狗很多",0.5,0.5,0.5,0.125,去毒文本仅处理了原句的前半部分，用'讨好单方面付出的讨好他人的狗狗'替代'舔狗'，虽减少了毒性，但'狗狗'仍可能带有轻微贬义，且未处理'幕刃召唤舔狗就算了'部分，导致风格迁移不彻底，因此STA评0.5分。内容上，去毒文本只保持了原句前半部分的核心含义（舔狗很多），但完全忽略了后半部分的评论，核心信息不完整，因此CS评0.5分。语言上，'讨好单方面付出的讨好他人的狗狗'结构冗长、重复，表达不自然，但基本可理解，因此FS评0.5分。j_score取STA、CS、FS的最小值0.5。
有些幕刃真的是。。。。,有些极端女权主义者真的是。。。。,1.0,0.5,1.0,0.5,"STA得1.0分是因为去毒文本成功将侮辱性词汇'幕刃'替换为中性术语'极端女权主义者',完全消除了有毒内容,没有攻击性或歧视性语言。CS得0.5分是因为去毒文本保持了批评的基调,但核心对象从泛化的女性变为特定的'极端女权主义者',含义有变化,细节部分丢失。FS得1.0分是因为去毒文本语法正确,表达自然流畅,符合中文表达习惯。j_score取最低分0.5,反映内容相似度的不足。"
nm艾特老子干什么,nm艾特老子干什么,0.0,1.0,1.0,0.0,去毒文本与有毒文本完全相同，未进行任何去毒化处理。'nm'可能为脏话缩写（如'你妈'），'老子'带有攻击性自称，因此风格迁移完全失败，仍包含明显有毒内容，STA评为0.0。内容完全一致，核心含义未变，CS评为1.0。文本符合中文网络用语习惯，语法正确且表达流畅，FS评为1.0。j_score基于内容相似度（CS），故为1.0。
男同没皮没脸要借别人的好脸,<extra_id_0>没皮没脸要借别人的好脸,0.0,0.5,0.0,0.0,去毒文本中，'<extra_id_0>' 是一个无效占位符，未正确替换有毒词汇 '男同'，导致风格迁移失败；其余部分 '没皮没脸要借别人的好脸' 仍然包含贬义和有害表达，因此STA为0.0。内容相似度方面，去毒文本保留了原文的批评含义，但具体目标丢失，因此CS为0.5。流畅性方面，占位符 '<extra_id_0>' 不符合中文语法，导致文本不流畅且难以理解，因此FS为0.0。联合分数j_score基于STA和CS的乘积计算，结果为0.0。
政治正确这个词用的好，现在接受同性恋居然变成了主流，对同性恋稍微表示恶心居然就成为了反面派,"政治正确这个词用的好,现在接受同性恋居然变成了主流,对",0.0,0.0,0.0,0.0,"去毒文本仅复制了有毒文本的前半部分（'政治正确这个词用的好,现在接受同性恋居然变成了主流,对'），但截断了句子，没有处理后半部分的有毒内容（如'对同性恋稍微表示恶心居然就成为了反面派'）。因此，风格迁移准确性（STA）为0.0，因为去毒化失败，未消除有毒内容。内容相似度（CS）为0.0，因为去毒文本丢失了核心信息和语义，仅保留部分内容。流畅性（FS）为0.0，因为句子不完整，语法错误明显，表达不流畅。联合分数（j_score）基于内容相似度，故为0.0。"
被默光顾过就让默带走啊，留下来祸害同胞？,"被黑人光顾过就让黑人带走啊,留下来祸害",0.0,0.5,0.0,0.0,STA为0.0因为去毒文本仍然包含种族歧视内容，将'默'改为'黑人'但保留'祸害'的负面表述，未能消除有毒内容；CS为0.5因为去毒文本基本保持了核心含义（被某群体光顾后应让其带走以避免危害），但缺少'同胞'细节，使语义部分丢失；FS为0.0因为去毒文本句子不完整，以'祸害'结尾，缺乏宾语或完整结构，语法错误明显，表达不流畅；j_score为0.0基于整体评估，去毒失败且流畅性差，联合分数低。
舔狗也本来不是结婚去的，骗炮的，骗钱的，女拳自己都知道不靠谱,"单方面付出的人也本来不是结婚去的,骗炮的,骗钱的,",0.5,0.5,0.5,0.125,"去毒文本将'舔狗'替换为'单方面付出的人'，消除了部分有毒内容，但保留了'骗炮的,骗钱的'等有害词汇，这些词汇可能被视为粗俗或有害，因此风格迁移准确性不完全（STA=0.5）。内容相似度方面，去毒文本表达了原文本前半部分的核心含义，但完全省略了'女拳自己都知道不靠谱'这部分信息，导致细节丢失（CS=0.5）。流畅性上，文本结构不完整，以逗号结束，缺乏句号，且'也本来不是结婚去的'表达稍显不自然，因此流畅性有欠缺（FS=0.5）。联合分数j_score基于整体表现，取主要维度中的较低值。"
如果你把基佬打伤，他的伤口沾到你的血或体液，他就会感染hiv。,"如果你把男同性恋打伤,他的伤口沾到你的血或体",0.5,0.0,0.0,0.0,去毒文本将'基佬'改为'男同性恋'，部分消除了歧视性术语，但句子不完整，结尾缺失'体液'和'他就会感染hiv'部分，导致有毒内容（如HIV污名化）未完全处理，因此风格迁移准确性部分成功（0.5分）。内容相似度方面，去毒文本只表达了条件部分，丢失了核心信息（感染HIV的风险），与原文语义差异很大，核心信息严重丢失（0.0分）。流畅性方面，句子语法不完整，表达截断，难以理解（0.0分）。整体去毒化失败。
屠黑屠绿屠同性，爱国爱党爱人民,"屠黑屠绿屠同性,爱国爱党爱人民",0.0,1.0,1.0,0.0,去毒文本与有毒文本完全相同，未进行任何修改，因此风格迁移准确性（STA）为0.0分，因为仍然包含明显的暴力、歧视性语言（如'屠黑'、'屠绿'、'屠同性'），完全未去除有毒内容。内容相似度（CS）为1.0分，因为文本未改变，完美保持了原文的核心含义。流畅性（FS）为1.0分，因为原文语法正确、表达流畅，去毒文本同样流畅。但由于去毒化完全失败，联合分数（j_score）为0.0分，反映整体去毒化效果无效。
出来引战就别怕被骂啊母狗,<extra_id_0> 出来引战就别怕被骂啊你好讨好我,0.0,0.5,0.0,0.0,STA为0.0是因为去毒文本仍包含挑衅性语言'引战'和'被骂'，且添加的'你好讨好我'可能隐含负面含义，未能有效去除有毒内容；CS为0.5是因为保留了原文核心部分'出来引战就别怕被骂啊'，但添加了无关内容'<extra_id_0>'和'你好讨好我'，扭曲了原意；FS为0.0是因为文本中存在无关标记'<extra_id_0>'，且'你好讨好我'语法不自然，表达混乱，流畅性差；j_score取最小值0.0，因整体去毒失败且流畅性低。
我觉得我也思想有点问题，是个女生双性恋，但是我觉得女女可接受（因为我也是）但是我觉得男男有点ex???我一度怀疑自己是不是毛病...明明自己也是被这个世界不认可的人居然会有这种思想，真的很不好意思,"我觉得我也思想有点问题,是个女生双性恋,但是我觉得女女可接受",1.0,0.5,1.0,0.5,去毒文本成功去除了原文中有毒内容（如'男男有点ex'的歧视性表达和自我怀疑部分），仅保留中性陈述，因此风格迁移准确性（STA）得1.0分。内容相似度（CS）得0.5分，因为去毒文本保持了原文的核心身份信息（双性恋和接受女女关系），但丢失了原文中对男男关系的态度和自我怀疑的情感表达，导致核心信息不完整。流畅性（FS）得1.0分，因为去毒文本语法正确、表达自然，符合中文表达习惯。联合分数（j_score）取最小值0.5。
实话实说，这小黑孩的照片我居然感觉有些惊悚,"实话实说,这小黑孩的照片我居然感觉有些让我感到有些不",0.0,0.5,0.0,0.0,风格迁移准确性（STA）为0.0，因为去毒文本仍然包含有毒词汇'小黑孩'，这是一种歧视性称呼，未能成功去除有毒内容。内容相似度（CS）为0.5，因为去毒文本试图表达原始含义（对照片的感受），但句子不完整（'有些让我感到有些不'），核心信息部分保持，但细节如'惊悚'的具体含义丢失，表达模糊。流畅性（FS）为0.0，因为去毒文本存在明显语法错误和重复（'感觉有些让我感到有些不'），表达不流畅，难以理解。联合分数（j_score）基于内容相似度，因此为0.5。
因为默的长相不符合我国大部分人的审美,因为黑人的长相不符合我国大部分人的审美,1.0,1.0,1.0,1.0,"去毒文本成功将歧视性术语'默'替换为中性词'黑人', 完全消除了有毒内容, 风格迁移准确。核心含义保持一致, 均表达黑人的长相不符合中国大部分人的审美, 内容相似度高。语言语法正确, 表达自然流畅, 符合中文习惯。"
哪来的通讯录怪物,哪来的通讯录让我感到不适,1.0,0.5,1.0,0.5,去毒文本成功移除了有毒词汇'怪物'，用中性表达'让我感到不适'替代，完全消除了攻击性，因此STA得1.0分。去毒文本保持了原文对'通讯录'的负面反应，但从直接侮辱变为表达个人感受，核心含义部分保持但细节有所变化，因此CS得0.5分。去毒文本语法正确，表达自然流畅，符合中文习惯，因此FS得1.0分。联合分数j_score基于内容相似度，强调去毒化后保持原意的重要性，因此为0.5分。
更何况你鬼母阿娜本身就是个二年级辍学的屑,更何况你讨好我的阿娜本身就是个二年级辍学的屑,0.0,0.5,0.5,0.0,风格迁移准确性（STA）得分为0.0，因为去毒文本中仍然包含有毒词汇“屑”，这是一个贬义词汇，意思是“废物”或“垃圾”，没有成功去除有毒内容。内容相似度（CS）得分为0.5，因为去毒文本将“鬼母”改为“讨好我的”，改变了原文本的侮辱性含义（从攻击母亲变为描述行为），但保留了“二年级辍学”和“屑”的部分信息，因此核心含义部分保持但有关键改变。流畅性（FS）得分为0.5，因为“你讨好我的阿娜”这一短语语法不标准，表达 awkward，且“屑”是网络俚语，影响可读性，但句子基本可懂。联合分数（j_score）为0.0，基于三个维度的最低分，表示去毒化整体失败。
男同喜欢封面上的那种?,男同性恋喜欢封面上的那种?,1.0,1.0,1.0,1.0,去毒文本使用正式术语'男同性恋'替换了可能带有贬义或简化的缩写'男同'，完全消除了有毒内容，风格迁移准确（STA=1.0）。核心含义和语义完美保持，询问内容一致（CS=1.0）。句子语法正确，表达自然流畅，符合中文表达习惯（FS=1.0）。因此，联合分数j_score为1.0。
喂喂喂？基佬还能讲话吗,喂喂喂?男同性恋还能讲话吗,1.0,1.0,1.0,1.0,去毒文本将有毒文本中的贬义词'基佬'替换为中性术语'男同性恋'，完全消除了歧视性和攻击性内容，风格迁移准确；去毒文本保持了原文的核心含义和结构，即询问某人是否能讲话，内容相似度高；去毒文本语法正确，表达自然流畅，符合中文表达习惯。
纯黑都能在中国找到女人，混黑还会找不到？黑皮只会越来越多！！,"纯黑都能在中国找到女人,混黑还会找不到?黑人只会越来越多",0.5,1.0,1.0,0.5,"去毒文本将有毒文本中的'黑皮'改为更中性的'黑人',这是一个改进,但'纯黑'和'混黑'这些术语仍然保留,这些词在中文语境中可能被视为带有种族歧视色彩,因此风格迁移准确性不完全,给予0.5分。内容相似度很高,因为核心信息(关于黑人人口增长的断言)完全保持,给予1.0分。流畅性良好,语法正确,表达清晰,给予1.0分。联合分数(j_score)取最低维度分数(STA),因此为0.5分。"
这张动态图简直把虫类及其它们后代的智商表现淋漓尽致,这张动态图简直把虫类及其它们后代的智商表现淋,0.0,0.0,0.0,0.0,去毒文本仅截断了原句，未进行任何去毒化修改，保留了原句中对虫类的潜在负面评价（如暗示智商低），因此风格迁移准确性得0.0分。内容相似度方面，去毒文本不完整，无法传达原句的核心含义（动态图展示虫类智商），导致核心信息严重丢失，得0.0分。流畅性上，句子以‘淋’结尾，语法错误明显，表达不完整且难以理解，得0.0分。整体去毒化失败。
因为丈夫（未婚夫），公婆是真正受压迫者。那些中老年断子老苟内心巴不得这种状况愈演愈烈，它们好作威作福，充分体会欺负人的乐趣，所以它们是网络女拳的主力军,"因为丈夫(未婚夫),公婆是真正受压迫者。那些中",0.0,0.0,0.0,0.0,"去毒文本仅复制了有毒文本的开头部分（'因为丈夫(未婚夫),公婆是真正受压迫者。那些中'），但没有完成改写，导致有毒内容（如'中老年断子老苟'等侮辱性词汇和攻击性表达）完全未被处理，因此风格迁移准确性得分为0.0。内容相似度方面，去毒文本截断了原文，丢失了后半部分的核心信息（如关于中老年人希望状况加剧和网络女权主力军的论述），因此语义严重缺失，得分为0.0。流畅性上，文本以'那些中'结尾，句子不完整，语法错误明显，表达不流畅，难以理解，得分为0.0。联合分数为三个维度的平均值。"
好家伙，整活老哥把女拳的活性转然后买抖+推给女拳粉丝炸鱼,"好家伙,整活老哥把极端女权主义者的活性转然后",0.5,0.0,0.0,0.0,去毒文本将'女拳'改为'极端女权主义者'，部分消除了贬义表达，风格迁移准确性部分成功（0.5分）。但去毒文本不完整，只覆盖了前半部分，缺失了有毒文本中'买抖+推给女拳粉丝炸鱼'的关键内容，导致核心信息严重丢失，内容相似度为0.0分。流畅性方面，句子以'然后'结束，语法不完整，表达不流畅，难以理解，流畅性为0.0分。联合分数j_score基于内容相似度，因此为0.0分。
我们的妇女同志对外民族的包容程度已经达到人类进化史的巅峰，想必用不多久，全世界人民真的可以团结在一起呢,我们的妇女同志对外民族的包容程度已经达到人类进化史的巅峰,1.0,0.5,1.0,0.5,去毒文本成功删除了原文本中带有讽刺和消极语调的后半部分（'想必用不多久，全世界人民真的可以团结在一起呢'），完全消除了有毒内容，因此风格迁移准确性（STA）得分为1.0。然而，去毒文本仅保留了原文的前半部分，虽然传达了妇女同志包容程度高的核心信息，但丢失了原文本的讽刺语境和整体含义，导致内容相似度（CS）降低至0.5。去毒文本语法正确、表达流畅，符合中文习惯，因此流畅性（FS）得分为1.0。联合分数（j_score）基于内容相似度得分，故为0.5。
